segment,spend,impressions,link_clicks,landing_page_views,leads,cpl,cpm,cpc,ctr,lpv_rate,lead_rate,hook,hold,frequency
California,46.26,600,26,0,0,,77.1,1.78,4.33,0.0,0.0,0.0,0.0,1.55
Texas,30.79,371,24,0,0,,82.99,1.28,6.47,0.0,0.0,0.0,0.0,1.5
Florida,25.54,365,11,0,0,,69.97,2.32,3.01,0.0,0.0,0.0,0.0,1.36
Georgia,17.57,143,4,0,0,,122.87,4.39,2.8,0.0,0.0,0.0,0.0,1.44
New York,17.12,214,14,0,0,,80.0,1.22,6.54,0.0,0.0,0.0,0.0,1.47
Illinois,15.64,120,8,0,0,,130.33,1.96,6.67,0.0,0.0,0.0,0.0,1.52
New Jersey,11.19,161,5,0,0,,69.5,2.24,3.11,0.0,0.0,0.0,0.0,1.66
Pennsylvania,8.55,80,5,0,0,,106.88,1.71,6.25,0.0,0.0,0.0,0.0,1.4
Virginia,7.8,86,6,0,0,,90.7,1.3,6.98,0.0,0.0,0.0,0.0,1.51
Massachusetts,7.73,52,3,0,0,,148.65,2.58,5.77,0.0,0.0,0.0,0.0,1.24
Maryland,6.15,85,6,0,0,,72.35,1.03,7.06,0.0,0.0,0.0,0.0,1.37
North Carolina,5.57,71,4,0,0,,78.45,1.39,5.63,0.0,0.0,0.0,0.0,1.31
Arizona,4.66,52,1,0,0,,89.62,4.66,1.92,0.0,0.0,0.0,0.0,1.33
Ohio,4.54,61,4,0,0,,74.43,1.14,6.56,0.0,0.0,0.0,0.0,1.36
Colorado,4.15,48,4,0,0,,86.46,1.04,8.33,0.0,0.0,0.0,0.0,1.55
South Carolina,3.81,48,0,0,0,,79.38,,0.0,,,0.0,0.0,1.45
Louisiana,3.51,54,8,0,0,,65.0,0.44,14.81,0.0,0.0,0.0,0.0,1.5
Tennessee,3.41,63,4,0,0,,54.13,0.85,6.35,0.0,0.0,0.0,0.0,1.43
Michigan,3.11,66,5,0,0,,47.12,0.62,7.58,0.0,0.0,0.0,0.0,1.32
Nevada,2.9,31,4,0,0,,93.55,0.72,12.9,0.0,0.0,0.0,0.0,1.48
Wisconsin,2.47,36,5,0,0,,68.61,0.49,13.89,0.0,0.0,0.0,0.0,1.89
Washington,2.31,41,3,0,0,,56.34,0.77,7.32,0.0,0.0,0.0,0.0,1.52
Alaska,2.2,7,1,0,0,,314.29,2.2,14.29,0.0,0.0,0.0,0.0,1.75
Minnesota,2.18,38,4,0,0,,57.37,0.55,10.53,0.0,0.0,0.0,0.0,1.46
Indiana,1.87,38,2,0,0,,49.21,0.94,5.26,0.0,0.0,0.0,0.0,1.19
Alabama,1.83,35,6,0,0,,52.29,0.3,17.14,0.0,0.0,0.0,0.0,1.17
"Washington, District of Columbia",1.6,22,2,0,0,,72.73,0.8,9.09,0.0,0.0,0.0,0.0,1.47
Missouri,1.58,34,3,0,0,,46.47,0.53,8.82,0.0,0.0,0.0,0.0,1.48
Connecticut,1.44,27,1,0,0,,53.33,1.44,3.7,0.0,0.0,0.0,0.0,2.25
Rhode Island,1.26,13,0,0,0,,96.92,,0.0,,,0.0,0.0,1.62
Oklahoma,1.22,25,2,0,0,,48.8,0.61,8.0,0.0,0.0,0.0,0.0,1.32
Mississippi,0.98,18,0,0,0,,54.44,,0.0,,,0.0,0.0,1.12
Utah,0.97,31,3,0,0,,31.29,0.32,9.68,0.0,0.0,0.0,0.0,1.82
Kentucky,0.88,19,0,0,0,,46.32,,0.0,,,0.0,0.0,1.46
New Mexico,0.79,13,1,0,0,,60.77,0.79,7.69,0.0,0.0,0.0,0.0,1.44
New Hampshire,0.69,4,1,0,0,,172.5,0.69,25.0,0.0,0.0,0.0,0.0,2.0
Oregon,0.6,11,0,0,0,,54.55,,0.0,,,0.0,0.0,1.38
Kansas,0.58,11,1,0,0,,52.73,0.58,9.09,0.0,0.0,0.0,0.0,1.22
Arkansas,0.51,16,1,0,0,,31.88,0.51,6.25,0.0,0.0,0.0,0.0,1.78
Iowa,0.34,13,8,0,0,,26.15,0.04,61.54,0.0,0.0,0.0,0.0,1.86
West Virginia,0.29,7,3,0,0,,41.43,0.1,42.86,0.0,0.0,0.0,0.0,1.4
Idaho,0.26,11,0,0,0,,23.64,,0.0,,,0.0,0.0,1.57
Hawaii,0.25,4,0,0,0,,62.5,,0.0,,,0.0,0.0,1.0
Nebraska,0.22,6,0,0,0,,36.67,,0.0,,,0.0,0.0,1.0
North Dakota,0.19,7,2,0,0,,27.14,0.1,28.57,0.0,0.0,0.0,0.0,1.75
Delaware,0.17,7,0,0,0,,24.29,,0.0,,,0.0,0.0,1.0
Maine,0.17,5,0,0,0,,34.0,,0.0,,,0.0,0.0,1.25
South Dakota,0.16,2,1,0,0,,80.0,0.16,50.0,0.0,0.0,0.0,0.0,1.0
Montana,0.14,3,1,0,0,,46.67,0.14,33.33,0.0,0.0,0.0,0.0,1.5
Unknown,0.07,3,0,0,0,,23.33,,0.0,,,0.0,0.0,1.5
